{
  "actions": [
    {
      "name": "/actions/default/in/Pose",
      "type": "pose",
      "requirement": "mandatory"
    },
    {
      "name": "/actions/default/in/SkeletonLeftHand",
      "type": "skeleton",
      "skeleton": "/skeleton/hand/left"
    },
    {
      "name": "/actions/default/in/SkeletonRightHand",
      "type": "skeleton",
      "skeleton": "/skeleton/hand/right"
    },
    {
      "name": "/actions/default/in/PushToTalk",
      "type": "boolean",
      "requirement": "suggested"
    },
    {
      "name": "/actions/default/in/Movement",
      "type": "vector2",
      "requirement": "mandatory"
    },
    {
      "name": "/actions/default/in/ToggleWatchMode",
      "type": "boolean",
      "requirement": "optional"
    },
    {
      "name": "/actions/default/in/Shoot",
      "type": "boolean",
      "requirement": "mandatory"
    },
    {
      "name": "/actions/default/in/Interact",
      "type": "boolean",
      "requirement": "mandatory"
    },
    {
      "name": "/actions/default/in/Jump",
      "type": "boolean"
    },
    {
      "name": "/actions/default/in/Crouch",
      "type": "boolean",
      "requirement": "suggested"
    },
    {
      "name": "/actions/default/in/WeaponSwitchLeft",
      "type": "boolean",
      "requirement": "optional"
    },
    {
      "name": "/actions/default/in/WeaponSwitchRight",
      "type": "boolean",
      "requirement": "optional"
    },
    {
      "name": "/actions/default/in/ToggleFlashlight",
      "type": "boolean"
    },
    {
      "name": "/actions/default/in/Sprint",
      "type": "boolean"
    },
    {
      "name": "/actions/default/in/Reload",
      "type": "boolean",
      "requirement": "mandatory"
    },
    {
      "name": "/actions/default/in/OpenMap",
      "type": "boolean"
    },
    {
      "name": "/actions/default/in/OpenMenu",
      "type": "boolean"
    },
    {
      "name": "/actions/default/in/Ping",
      "type": "boolean"
    },
    {
      "name": "/actions/default/in/SnapTurn",
      "type": "vector2"
    },
    {
      "name": "/actions/default/in/AimOrShove",
      "type": "boolean"
    },
    {
      "name": "/actions/default/in/OpenObjectives",
      "type": "boolean"
    },
    {
      "name": "/actions/default/in/WeaponRadialMenu",
      "type": "boolean"
    },
    {
      "name": "/actions/default/in/ToggleLaserPointer",
      "type": "boolean",
      "requirement": "optional"
    },
    {
      "name": "/actions/default/in/WatchRadialMenu",
      "type": "boolean"
    },
    {
      "name": "/actions/default/out/Haptic",
      "type": "vibration"
    }
  ],
  "action_sets": [
    {
      "name": "/actions/default",
      "usage": "leftright"
    }
  ],
  "default_bindings": [
    {
      "controller_type": "vive_controller",
      "binding_url": "bindings_vive_controller.json"
    },
    {
      "controller_type": "oculus_touch",
      "binding_url": "bindings_oculus_touch.json"
    },
    {
      "controller_type": "knuckles",
      "binding_url": "bindings_knuckles.json"
    },
    {
      "controller_type": "holographic_controller",
      "binding_url": "bindings_holographic_controller.json"
    },
    {
      "controller_type": "vive_cosmos_controller",
      "binding_url": "bindings_vive_cosmos_controller.json"
    },
    {
      "controller_type": "vive_cosmos",
      "binding_url": "binding_vive_cosmos.json"
    },
    {
      "controller_type": "vive",
      "binding_url": "binding_vive.json"
    },
    {
      "controller_type": "indexhmd",
      "binding_url": "binding_index_hmd.json"
    },
    {
      "controller_type": "vive_pro",
      "binding_url": "binding_vive_pro.json"
    },
    {
      "controller_type": "rift",
      "binding_url": "binding_rift.json"
    },
    {
      "controller_type": "holographic_hmd",
      "binding_url": "binding_holographic_hmd.json"
    },
    {
      "controller_type": "vive_tracker_camera",
      "binding_url": "binding_vive_tracker_camera.json"
    }
  ],
  "localization": [
    {
      "language_tag": "en_US"
    }
  ]
}