{
   "action_manifest_version" : 0,
   "alias_info" : {},
   "app_key" : "application.generated.unity.gtfo.exe",
   "bindings" : {
      "/actions/buggy" : {
         "chords" : [],
         "haptics" : [],
         "poses" : [],
         "skeleton" : [],
         "sources" : []
      },
      "/actions/default" : {
         "chords" : [],
         "haptics" : [
            {
               "output" : "/actions/default/out/haptic",
               "path" : "/user/hand/right/output/haptic"
            },
            {
               "output" : "/actions/default/out/haptic",
               "path" : "/user/hand/left/output/haptic"
            }
         ],
         "poses" : [
            {
               "output" : "none",
               "path" : "/user/hand/right/pose/handgrip"
            },
            {
               "output" : "none",
               "path" : "/user/hand/left/pose/raw"
            },
            {
               "output" : "none",
               "path" : "/user/hand/right/pose/base"
            },
            {
               "output" : "none",
               "path" : "/user/hand/right/pose/raw"
            },
            {
               "output" : "/actions/default/in/pose",
               "path" : "/user/hand/right/pose/tip"
            },
            {
               "output" : "/actions/default/in/pose",
               "path" : "/user/hand/left/pose/tip"
            }
         ],
         "skeleton" : [
            {
               "output" : "/actions/default/in/skeletonlefthand",
               "path" : "/user/hand/left/input/skeleton/left"
            },
            {
               "output" : "/actions/default/in/skeletonrighthand",
               "path" : "/user/hand/right/input/skeleton/right"
            }
         ],
         "sources" : [
            {
               "inputs" : {
                  "click" : {
                     "output" : "/actions/default/in/shoot"
                  }
               },
               "mode" : "trigger",
               "path" : "/user/hand/right/input/trigger"
            },
            {
               "inputs" : {
                  "click" : {
                     "output" : "/actions/default/in/interact"
                  }
               },
               "mode" : "button",
               "path" : "/user/hand/right/input/a"
            },
            {
               "inputs" : {
                  "click" : {
                     "output" : "/actions/default/in/reload"
                  }
               },
               "mode" : "button",
               "path" : "/user/hand/right/input/b"
            },
            {
               "inputs" : {
                  "click" : {
                     "output" : "/actions/default/in/weaponradialmenu"
                  }
               },
               "mode" : "button",
               "path" : "/user/hand/right/input/grip"
            },
            {
               "inputs" : {
                  "click" : {
                     "output" : "/actions/default/in/jump"
                  }
               },
               "mode" : "button",
               "path" : "/user/hand/left/input/y"
            },
            {
               "inputs" : {
                  "click" : {
                     "output" : "/actions/default/in/toggleflashlight"
                  },
                  "double" : {
                     "output" : "/actions/default/in/openmap"
                  },
                  "long" : {
                     "output" : "/actions/default/in/openmenu"
                  }
               },
               "mode" : "button",
               "path" : "/user/hand/left/input/x"
            },
            {
               "inputs" : {
                  "click" : {
                     "output" : "/actions/default/in/crouch"
                  }
               },
               "mode" : "button",
               "path" : "/user/hand/left/input/grip"
            },
            {
               "inputs" : {
                  "click" : {
                     "output" : "/actions/default/in/watchradialmenu"
                  }
               },
               "mode" : "button",
               "path" : "/user/hand/left/input/trigger"
            },
            {
               "inputs" : {
                  "position" : {
                     "output" : "/actions/default/in/movement"
                  }
               },
               "mode" : "joystick",
               "parameters" : {
                  "deadzone_pct" : "0"
               },
               "path" : "/user/hand/left/input/joystick"
            },
            {
               "inputs" : {},
               "mode" : "none",
               "path" : "/user/hand/right/input/skeleton/right"
            },
            {
               "inputs" : {
                  "click" : {
                     "output" : "/actions/default/in/ping"
                  },
                  "double" : {
                     "output" : "/actions/default/in/aimorshove"
                  },
                  "held" : {
                     "output" : "/actions/default/in/togglelaserpointer"
                  }
               },
               "mode" : "button",
               "path" : "/user/hand/right/input/joystick"
            },
            {
               "inputs" : {
                  "position" : {
                     "output" : "/actions/default/in/snapturn"
                  }
               },
               "mode" : "joystick",
               "path" : "/user/hand/right/input/joystick"
            },
            {
               "inputs" : {},
               "mode" : "none",
               "path" : "/user/hand/left/input/skeleton/left"
            },
            {
               "inputs" : {
                  "north" : {
                     "output" : "/actions/default/in/weaponswitchleft"
                  },
                  "south" : {
                     "output" : "/actions/default/in/weaponswitchright"
                  }
               },
               "mode" : "dpad",
               "parameters" : {
                  "deadzone_pct" : "90",
                  "overlap_pct" : "10",
                  "sub_mode" : "touch"
               },
               "path" : "/user/hand/right/input/joystick"
            },
            {
               "inputs" : {
                  "click" : {
                     "output" : "/actions/default/in/sprint"
                  }
               },
               "mode" : "toggle_button",
               "path" : "/user/hand/left/input/joystick"
            }
         ]
      },
      "/actions/platformer" : {
         "chords" : [],
         "haptics" : [],
         "poses" : [],
         "skeleton" : [],
         "sources" : []
      }
   },
   "category" : "steamvr_input",
   "controller_type" : "oculus_touch",
   "description" : "",
   "name" : "GTFO VR 1.0",
   "options" : {},
   "simulated_actions" : []
}
